customer_id,name,city,age,gender
c0,Brijesh Munshi,Bikaner,26,Male
c1,Tanveer Kade,Bhubaneswar,43,Male
c2,Hamsini Tripathi,Anantapuram,42,Male
c3,Ekantika Chada,Sasaram,27,Female
c4,Jeet Shere,Gaya,32,Male
c5,Warinder Das,Allahabad,49,Female
c6,Vasatika Deep,Hapur,50,Female
c7,Mohini Ghosh,Jhansi,20,Male
c8,Barkha Nair,Kurnool,18,Female
c9,Balendra Bala,Bareilly,19,Male
c10,Lavanya Vaidya,Dehradun,33,Male
c11,Umang Chaudhry,Purnia,30,Female
c12,Atharv Pingle,Bettiah,26,Female
c13,Victor Sachdeva,Yamunanagar,27,Male
c14,Warhi Zachariah,Guntakal,18,Male
c15,Utkarsh Buch,Dewas,45,Male
c16,Ishani Raman,Karawal Nagar,26,Male
c17,Bahadurjit Vig,Nagercoil,24,Female
c18,Karan Solanki,Bhagalpur,50,Female
c19,Hemani Banik,Hazaribagh,52,Male
c20,Tejas Devi,Hubli–Dharwad,53,Male
c21,Yashoda Morar,Gangtok,43,Female
c22,Umang Baral,Muzaffarpur,37,Male
c23,Zarna Cherian,Amravati,38,Male
c24,Ishita Sarin,Agartala,24,Female
c25,Ekiya Dara,Danapur,49,Male
c26,Yamini Vala,Bettiah,34,Male
c27,Mugdha Venkatesh,Haridwar,38,Female
c28,Oscar Sawhney,Chittoor,36,Female
c29,Nachiket Balasubramanian,Patna,54,Male
c30,Samarth Anne,Sonipat,39,Female
c31,William Tella,Dehri,50,Male
c32,Matthew Venkataraman,Anantapuram,18,Female
c33,Indira Merchant,Pune,54,Female
c34,Siya Singhal,Ajmer,44,Male
c35,Isaac Dani,Giridih,25,Male
c36,Chakradev Subramaniam,Dehradun,49,Male
c37,Niharika Sethi,Lucknow,26,Female
c38,Netra Om,Maheshtala,19,Male
c39,Jagvi Patla,Pimpri-Chinchwad,21,Female
c40,Indali Konda,Shahjahanpur,51,Female
c41,Wahab Ganguly,Rourkela,54,Male
c42,Yasti Sachdeva,Visakhapatnam,36,Male
c43,Ekansh Mahal,Raurkela Industrial Township,20,Female
c44,Ikbal Dara,Ichalkaranji,24,Female
c45,Mason Tank,Durgapur,54,Female
c46,Vasudha Konda,Sangli-Miraj & Kupwad,45,Female
c47,Falguni Pandit,Haldia,31,Female
c48,Nihal Ramanathan,Bikaner,27,Male
c49,Rohan Master,Haldia,45,Male
c50,Watika Arya,Silchar,45,Male
c51,Jairaj Sahni,Satna,18,Female
c52,Tripti Khatri,Gorakhpur,35,Male
c53,Nicholas Ratta,Medininagar,34,Male
c54,Nakul Sachdeva,South Dumdum,27,Male
c55,Lavanya Ramesh,Bathinda,29,Male
c56,Turvi Ramesh,Saharanpur,39,Female
c57,Nikita Narasimhan,Bhatpara,18,Female
c58,Jagat Srinivasan,Berhampore,52,Male
c59,Jackson Chawla,Jammu,52,Female
c60,Pavani Mander,Darbhanga,39,Male
c61,Ijaya Pal,Raurkela Industrial Township,23,Female
c62,Ayaan Grover,Sonipat,28,Male
c63,Ridhi Walia,Jodhpur,39,Female
c64,Leena Sanghvi,Jaunpur,39,Female
c65,Nakul Dave,Agra,23,Male
c66,Om Bumb,Bally,45,Female
c67,Osha Tata,Bathinda,44,Female
c68,Faras Kuruvilla,Saharsa,20,Female
c69,Ojas Goyal,Naihati,24,Female
c70,Aayush Trivedi,Bareilly,54,Male
c71,Urvashi Dhawan,Kota,42,Male
c72,Baghyawati Thaker,Purnia,51,Male
c73,Advik Brar,Baranagar,31,Female
c74,Anvi Bandi,Uluberia,41,Male
c75,Chatresh Kannan,Maheshtala,38,Male
c76,Shravya Kar,Noida,20,Female
c77,Watika Mall,Bhiwandi,45,Female
c78,Saumya Sood,Chinsurah,39,Male
c79,Tarak Sankaran,Chennai,35,Female
c80,Vihaan Mitra,Rohtak,32,Female
c81,Falan Cherian,Amaravati,43,Male
c82,Vinaya Kapadia,Bhiwandi,25,Female
c83,Darsh Balay,Machilipatnam,28,Male
c84,Aadhya Zacharia,Sikar,36,Male
c85,Yashawini Minhas,Gorakhpur,47,Female
c86,Lipika Kakar,Giridih,55,Female
c87,Krish Dave,Nangloi Jat,41,Male
c88,Liam Lata,Jammu,21,Female
c89,Sathvik Narasimhan,Firozabad,20,Female
c90,Ekalinga Suresh,Gandhidham,55,Male
c91,Qadim Pradhan,Thiruvananthapuram,45,Female
c92,Unni Sachar,Aurangabad,31,Male
c93,Sudiksha Venkataraman,Karawal Nagar,18,Male
c94,Yadavi Agrawal,Aurangabad,51,Male
c95,Vivaan Balan,Chandigarh,28,Male
c96,Wishi Savant,Kishanganj,52,Male
c97,Yuvraj Iyer,Varanasi,29,Female
c98,Ekalinga Goda,Muzaffarpur,33,Male
c99,Yashawini Lalla,Moradabad,53,Female
c100,David Mishra,Bellary,48,Female
c101,Qushi Narasimhan,Durgapur,19,Male
c102,Harshil Khanna,Gandhinagar,35,Male
c103,Yutika Gulati,Meerut,37,Female
c104,Krisha Bhargava,Sultan Pur Majra,23,Male
c105,Saumya Parekh,Vasai-Virar,34,Female
c106,Abhimanyu Johal,Shimoga,34,Male
c107,Manya Mital,Bhatpara,47,Female
c108,Ridhi Vaidya,Rajkot,51,Male
c109,Gaurav Gill,Salem,49,Male
c110,Ekani Balay,Karaikudi,33,Female
c111,Finn Nath,Amritsar,32,Female
c112,Alka Munshi,Chandrapur,53,Male
c113,Bina Brahmbhatt,Haridwar,39,Female
c114,Mohammed Saini,Mahbubnagar,27,Female
c115,Max Cheema,Vijayawada,36,Female
c116,Baghyawati Rattan,Bharatpur,53,Female
c117,Irya Mahajan,Kottayam,55,Female
c118,Lucky Pandit,Mirzapur,37,Female
c119,Chavvi Gole,Burhanpur,50,Male
c120,Rachit Muni,Mysore,51,Female
c121,Amaira Roy,Srinagar,48,Male
c122,Jagat Yohannan,Nanded,46,Female
c123,William Badal,Kadapa,40,Female
c124,Girik Krishnan,Muzaffarpur,22,Female
c125,Umang Chakraborty,Dhanbad,19,Male
c126,Riya Krishnan,Gandhidham,27,Female
c127,Balvan Gala,Ramgarh,49,Female
c128,Vinaya Anand,Dewas,19,Female
c129,Vanya Roy,Agra,18,Male
c130,Pahal Nagar,Warangal,28,Male
c131,Ekta Roy,Malda,43,Female
c132,Samar Madan,Guntakal,21,Male
c133,Chameli Bhardwaj,Ghaziabad,32,Male
c134,Jason Tara,Serampore,42,Female
c135,Aradhana Krishnamurthy,South Dumdum,23,Male
c136,Jagat Parmer,Mehsana,40,Male
c137,Krishna Chhabra,Katihar,51,Female
c138,Chaman Shukla,Aurangabad,26,Female
c139,Ansh Sama,Munger,26,Male
c140,Yashoda Arya,Tiruchirappalli,26,Female
c141,Nidra Rao,Pallavaram,32,Male
c142,Vanya Chatterjee,Deoghar,54,Male
c143,Ladli Ravi,Miryalaguda,19,Female
c144,Baljiwan Chana,Naihati,20,Female
c145,Devansh Narain,Amravati,47,Male
c146,Amara Sarin,Dindigul,50,Male
c147,Yashodhara Warrior,Danapur,29,Male
c148,Tristan Seth,Kumbakonam,51,Female
c149,Bhavika Sarna,Panvel,35,Male
c150,Udyati Gaba,Bhusawal,50,Female
c151,Samesh Tailor,Thrissur,53,Female
c152,Maanav Doctor,Jamnagar,51,Female
c153,Gaurang Nagar,Gudivada,49,Female
c154,Jason Mukhopadhyay,Navi Mumbai,30,Male
c155,Eesha Hora,Gurgaon,53,Female
c156,Qabil Mander,Panchkula,37,Male
c157,Mohammed Buch,Raurkela Industrial Township,20,Female
c158,Charles Narain,Durgapur,25,Female
c159,Omaja Lall,Udaipur,47,Male
c160,Isha Venkataraman,Anantapuram,23,Female
c161,Xalak Prakash,Nashik,45,Female
c162,Devika Amble,Raichur,36,Female
c163,Yoshita Parmer,Nangloi Jat,51,Female
c164,Darika Mannan,Bareilly,50,Male
c165,Odika Mani,Dhanbad,27,Male
c166,Brijesh Sarkar,Ratlam,34,Female
c167,Meera Pandey,Bijapur,38,Female
c168,Umang Jayaraman,Jalgaon,26,Male
c169,Zayyan Mander,Bhagalpur,51,Female
c170,Nathaniel Merchant,Nangloi Jat,32,Female
c171,Harish Lall,Mangalore,19,Male
c172,Vidhi Chaudry,Aurangabad,43,Female
c173,Quincy Tripathi,Aizawl,33,Male
c174,Zinal Munshi,Mathura,33,Male
c175,Yutika Shah,Ambala,28,Male
c176,Warhi Seth,Dibrugarh,39,Female
c177,Ekta Rama,Sikar,42,Male
c178,Ishanvi Chacko,Belgaum,24,Female
c179,Daniel Mannan,Medininagar,44,Male
c180,Ekta Chakraborty,Anantapuram,50,Female
c181,Bhavika Sethi,Thanjavur,39,Male
c182,Ansh Chakraborty,Vasai-Virar,22,Female
c183,Nimrat Keer,Dindigul,30,Male
c184,Nikita Boase,Bhiwani,47,Male
c185,Lakshmi Oommen,Latur,47,Male
c186,Neha Ramanathan,Berhampur,48,Female
c187,Azaan Bakshi,Shimla,35,Male
c188,Guneet Shenoy,Hajipur,45,Male
c189,Aayush Kata,Haldia,53,Female
c190,Libni Shetty,Bhatpara,28,Male
c191,Neha Sridhar,Nizamabad,35,Male
c192,Anusha Rajagopalan,Katni,43,Female
c193,Jalsa Chatterjee,Meerut,33,Female
c194,Zilmil Sahni,North Dumdum,43,Female
c195,Radha Saha,Raipur,45,Male
c196,Chameli Samra,Meerut,39,Female
c197,Dominic Baria,Sultan Pur Majra,53,Male
c198,Kashish Viswanathan,Surendranagar Dudhrej,51,Female
c199,Mohammed Dhillon,Bally,47,Female
c200,Ishwar Ben,Kishanganj,18,Female
c201,Jackson Hora,Ranchi,29,Male
c202,Tanvi Chana,Indore,51,Male
c203,Ladli Keer,Ludhiana,19,Male
c204,Lucky Saran,Warangal,23,Female
c205,Fariq Kamdar,Nizamabad,45,Female
c206,Aachal Mody,Gandhinagar,34,Male
c207,Jhalak Shan,Kirari Suleman Nagar,45,Female
c208,Andrew Rai,Giridih,20,Female
c209,Advika Balasubramanian,Bhopal,33,Female
c210,Chameli Raj,Rohtak,26,Female
c211,Lakshit Tailor,Phagwara,30,Male
c212,Gautam Dash,Panchkula,19,Female
c213,Isaac Nagarajan,Ulhasnagar,43,Male
c214,Indali Agate,Thanjavur,27,Female
c215,Chavvi Natt,Mango,26,Male
c216,Onveer Chakrabarti,Amaravati,51,Female
c217,Ekalinga Divan,Khammam,28,Female
c218,Janya Bandi,Giridih,18,Male
c219,Abdul Gala,Aizawl,54,Male
c220,Brinda Saini,Bhubaneswar,34,Female
c221,Bahadurjit Kothari,Hubli–Dharwad,28,Female
c222,Devansh Som,Thiruvananthapuram,32,Female
c223,Hamsini Prakash,Bhubaneswar,40,Female
c224,Bachittar Raghavan,Mahbubnagar,44,Male
c225,Unni Chaudhuri,Jamshedpur,30,Male
c226,Meera Lanka,Mira-Bhayandar,23,Male
c227,Liam Chaudry,Rampur,33,Female
c228,Onveer Gour,Uluberia,22,Female
c229,Idika Chokshi,Nagpur,24,Female
c230,Ronith Kalita,Dharmavaram,40,Male
c231,Ria Arora,Unnao,55,Male
c232,Tristan Sant,Meerut,35,Female
c233,Kritika Bhagat,Jabalpur,51,Male
c234,Sudiksha Chaudhry,Ichalkaranji,23,Male
c235,Indrajit Sule,Navi Mumbai,34,Male
c236,Samarth Chaudhuri,Silchar,46,Male
c237,Parth Sachar,Kottayam,41,Female
c238,Abha Dhar,Shimoga,24,Female
c239,Kashish Trivedi,Phagwara,18,Male
c240,Kiaan Solanki,Mirzapur,20,Female
c241,Theodore Chandra,Bhimavaram,24,Male
c242,Gagan Verma,Phusro,27,Female
c243,Eiravati Pillai,Solapur,44,Male
c244,Panini Aurora,Meerut,36,Male
c245,Chakrika Solanki,Junagadh,27,Female
c246,Aayush Prabhakar,Chittoor,44,Male
c247,Bahadurjit Chokshi,North Dumdum,29,Female
c248,Liam Dugar,Gopalpur,47,Female
c249,Advaith Varty,Mirzapur,44,Male
c250,Nisha Ganesan,Bhubaneswar,53,Male
c251,Bishakha Palla,Vadodara,31,Female
c252,Aadhya Vala,Aurangabad,32,Male
c253,Nilima Batta,Akola,34,Female
c254,Chaitanya Warrior,Mehsana,47,Female
c255,Indira Konda,Bahraich,42,Male
c256,Amol Dani,Singrauli,54,Male
c257,Rudra Mitter,Tinsukia,21,Female
c258,Aahana Khurana,Tezpur,26,Female
c259,Lakshmi Rana,Dharmavaram,51,Female
c260,Eiravati Sarkar,Phusro,37,Male
c261,Ekiya Modi,Warangal,35,Male
c262,Pallavi Rau,Bidar,39,Male
c263,Jeet Rai,Khora ,35,Female
c264,Hemang Parmer,Hosur,28,Female
c265,Vansha Nadkarni,Mira-Bhayandar,37,Male
c266,Wishi Chada,Hajipur,26,Male
c267,Gunbir Kaul,Katihar,49,Female
c268,Bakhshi Swaminathan,Guna,33,Male
c269,Dakshesh Kadakia,Sagar,25,Female
c270,Dhruv Palla,Vijayawada,50,Female
c271,Azaan Dubey,Siwan,31,Male
c272,Gaurang Pradhan,Chinsurah,49,Male
c273,Akshay Sankaran,Alwar,21,Male
c274,Leena Ghosh,Madhyamgram,26,Male
c275,Udyati Bahri,Tiruvottiyur,26,Female
c276,Falak Kale,Amroha,53,Male
c277,Abeer Badami,Ulhasnagar,30,Female
c278,Manan Dass,Ahmedabad,45,Male
c279,Daksh Viswanathan,Berhampore,29,Male
c280,Darpan Thaker,Pune,34,Female
c281,Hemal Rau,Bidhannagar,25,Male
c282,Varsha Aurora,Sirsa,48,Female
c283,Dayamai Ram,Meerut,25,Male
c284,Praneel Balan,Durgapur,34,Female
c285,Patrick Gokhale,Proddatur,22,Female
c286,Bakhshi Sabharwal,Raebareli,19,Male
c287,Qarin Gupta,Bahraich,30,Male
c288,Gopal Sachdev,Haldia,53,Female
c289,Bahadurjit Cherian,Bikaner,26,Male
c290,Shivansh Mall,Aligarh,35,Male
c291,Caleb Apte,Kishanganj,44,Female
c292,Yutika Basu,Thanjavur,48,Female
c293,Krish Boase,Nagpur,50,Male
c294,Owen Radhakrishnan,Phusro,39,Female
c295,Ansh Loke,Muzaffarnagar,28,Female
c296,Pavani Arya,Mathura,53,Male
c297,Wridesh Chadha,Amritsar,35,Male
c298,Brijesh Gara,Farrukhabad,23,Female
c299,Sudiksha Reddy,Kavali,47,Female
c300,Edhitha Ray,Karimnagar,47,Male
c301,Aadi Vora,Serampore,30,Male
c302,Gautam Sehgal,Nagpur,40,Male
c303,Leela Bassi,Sagar,22,Female
c304,Ekani Badal,Giridih,42,Male
c305,Aashi Dutta,Raebareli,41,Female
c306,Aishani Roy,Hosur,39,Female
c307,Zansi Tak,Ichalkaranji,34,Male
c308,Andrew Mann,Navi Mumbai,21,Male
c309,Vidhi Mander,Ghaziabad,31,Female
c310,Anamika Borra,Allahabad,42,Male
c311,Rajata Narang,Bijapur,52,Female
c312,Balveer Dani,Nanded,46,Male
c313,Karan Majumdar,Uluberia,31,Male
c314,Ansh Buch,Ballia,35,Female
c315,Omaja Chacko,Surat,49,Male
c316,Zinal D’Alia,Tadipatri,19,Male
c317,Prisha Murthy,Aurangabad,53,Male
c318,Lopa Patil,Pondicherry,25,Male
c319,Tanveer Bhandari,Nashik,32,Female
c320,Vinaya Chauhan,Tiruppur,18,Female
c321,Nidra Rau,Sirsa,37,Female
c322,Dev Murthy,Orai,48,Female
c323,Lajita Borah,Madanapalle,43,Female
c324,Abeer Garde,Ulhasnagar,38,Female
c325,Udyati Nadig,Muzaffarpur,22,Male
c326,Nathan Thakur,Malda,37,Female
c327,Xalak Sarkar,Panchkula,27,Female
c328,Pooja Joshi,Ramgarh,38,Male
c329,Kamya Rajagopalan,Tiruppur,52,Male
c330,Dalaja Balasubramanian,Rohtak,36,Female
c331,Vritti Chatterjee,Ambattur,40,Male
c332,Kritika Pall,Kumbakonam,39,Female
c333,Kala Shah,Visakhapatnam,30,Male
c334,Jhalak Raj,Ballia,54,Female
c335,Ekalinga Vora,Tenali,33,Female
c336,Upasna Sekhon,Cuttack,22,Female
c337,Faqid Narayan,Madanapalle,45,Male
c338,Chavvi Chokshi,Sikar,54,Female
c339,Aadhya Bawa,Bardhaman,33,Male
c340,Rishi Kala,Nagercoil,26,Male
c341,Naveen Balasubramanian,Khandwa,34,Female
c342,Jai Agrawal,Erode,26,Female
c343,Sachi Shukla,Fatehpur,49,Female
c344,Mohini Dey,Anand,47,Male
c345,Aayush Nanda,Raipur,50,Male
c346,Vedika Panchal,Nagaon,47,Female
c347,Vritti Kulkarni,Thoothukudi,36,Female
c348,Henry Kohli,Tezpur,43,Female
c349,Janaki Raja,Miryalaguda,32,Male
c350,Samuel Chaudhary,Jorhat,43,Female
c351,Omya Thakkar,Motihari,25,Male
c352,Yashodhara Lata,Malegaon,54,Male
c353,Gautam Master,Jorhat,53,Female
c354,Owen Deol,Bettiah,23,Male
c355,Mahika Pau,Kamarhati,46,Female
c356,Ayaan Gade,Belgaum,32,Female
c357,Chaaya Verma,Baranagar,42,Male
c358,Naksh Sengupta,Anantapur,23,Female
c359,Oni Goswami,Madanapalle,30,Male
c360,Abdul Sawhney,Thrissur,18,Male
c361,Jai Nayak,Tiruchirappalli,22,Male
c362,Girik Kalita,Vijayanagaram,31,Female
c363,Orinder Sastry,Chennai,27,Female
c364,Krishna Gupta,Parbhani,30,Male
c365,Patrick Chhabra,Tezpur,30,Female
c366,Yashvi Wable,Howrah,22,Female
c367,Samar Uppal,Imphal,33,Male
c368,Jeremiah Bail,Chinsurah,37,Female
c369,Aahana Shan,Panihati,32,Female
c370,Nitara Vaidya,Motihari,33,Female
c371,Samar Dasgupta,Mathura,52,Female
c372,Avi Choudhary,Proddatur,18,Male
c373,Darika Thakur,Kavali,39,Female
c374,Ati Choudhry,Ahmednagar,48,Male
c375,Dakshesh Bava,Amravati,46,Female
c376,Omya Karnik,Kharagpur,30,Male
c377,Harshil Varty,Jorhat,21,Female
c378,Caleb Anand,Panipat,46,Male
c379,Hritik Gour,Patna,32,Male
c380,Balendra Oza,Rourkela,22,Female
c381,Alexander Sodhi,Madhyamgram,25,Male
c382,Warda Pall,Pali,47,Female
c383,Krisha Nadig,Guwahati,30,Male
c384,Dalbir Vala,Tirupati,43,Male
c385,Daksha Raghavan,Pudukkottai,19,Female
c386,Advaith Garg,Khora ,47,Female
c387,Diya Arora,Ahmednagar,47,Female
c388,Mugdha Luthra,Satara,38,Female
c389,Jatin Bobal,Jorhat,38,Female
c390,Kabir Bera,Barasat,19,Female
c391,Sathvik Raja,Bardhaman,22,Female
c392,Chanakya Prabhakar,Berhampur,43,Female
c393,Fitan Kibe,Bhopal,53,Female
c394,Panini Bakshi,Ambala,24,Male
c395,Udant Aggarwal,Moradabad,55,Male
c396,Qarin Banerjee,Kavali,46,Female
c397,Qadim Murthy,Nizamabad,48,Male
c398,Vansha Baria,Thane,29,Male
c399,Yashawini Sharaf,Kamarhati,52,Female
c400,Siddharth Cheema,Raebareli,28,Male
c401,Ganga Goda,Haldia,36,Male
c402,Hemal Verma,Bhimavaram,42,Male
c403,Tara Padmanabhan,Panihati,25,Female
c404,Harish Tara,Tiruchirappalli,48,Female
c405,Nisha Nadig,Shahjahanpur,47,Male
c406,Lakshit Bhat,Raipur,23,Male
c407,Ishaan Nori,Thane,40,Male
c408,Jeet Vyas,Amaravati,25,Female
c409,Pranit Mani,Alwar,18,Male
c410,Ayush Naidu,Imphal,48,Male
c411,Mohammed Sangha,Mirzapur,48,Male
c412,Lopa Bumb,Deoghar,21,Male
c413,Vihaan Raju,Muzaffarpur,55,Female
c414,Hamsini Morar,Bareilly,54,Male
c415,Tripti Modi,Cuttack,47,Female
c416,Udant Mohan,Muzaffarnagar,46,Female
c417,Bakhshi Chowdhury,Ramagundam,44,Female
c418,Anya Parsa,Raurkela Industrial Township,41,Female
c419,Vasatika Dugar,Patna,40,Female
c420,Nikita Bhatti,Nashik,24,Female
c421,Lila Kota,Sonipat,24,Male
c422,Charita Yadav,Bhalswa Jahangir Pur,21,Male
c423,Raghav Anand,Ramgarh,21,Male
c424,Manan Lad,Thiruvananthapuram,43,Male
c425,Upkaar Bhalla,Bhatpara,35,Female
c426,Daniel Sahota,Hajipur,26,Male
c427,Tristan Loyal,Anantapuram,55,Male
c428,Amruta Nazareth,Ramgarh,35,Female
c429,Bahadurjit Karpe,Muzaffarnagar,48,Male
c430,Mitesh Tripathi,Visakhapatnam,30,Male
c431,Yash Kakar,Davanagere,51,Male
c432,Abhiram Batra,Haldia,42,Female
c433,Siddharth Kalla,Gandhidham,42,Female
c434,Azaan Dhingra,Ajmer,46,Female
c435,Rishi Rao,Solapur,27,Female
c436,Bhavna Bawa,Gandhinagar,24,Male
c437,Mekhala Virk,Raebareli,34,Male
c438,Kamya Khalsa,Hubli–Dharwad,36,Female
c439,Adya Lad,Hapur,48,Female
c440,Chakradhar Mitter,Gandhidham,36,Male
c441,Sudiksha Bhalla,Suryapet,34,Male
c442,Indrajit Sangha,Jaunpur,46,Female
c443,Liam Lanka,Bhubaneswar,47,Male
c444,Omkaar Sridhar,Darbhanga,24,Male
c445,Raksha Sule,Tezpur,52,Male
c446,Veda Jani,Sri Ganganagar,28,Female
c447,Yashvi Dave,Allahabad,48,Female
c448,Indira Vasa,Vadodara,36,Male
c449,Umang Ben,Mahbubnagar,42,Female
c450,Bhavini Ramesh,Gandhidham,36,Female
c451,Naksh Agate,Gangtok,19,Female
c452,Megha Dani,Rampur,27,Male
c453,Ridhi Bala,Dibrugarh,40,Male
c454,Ekansh Dixit,Rajkot,43,Female
c455,Anirudh Misra,Ramgarh,37,Male
c456,Upadhriti Raval,Thrissur,34,Female
c457,Nihal Iyengar,Jaipur,22,Female
c458,Ekantika Bajaj,Hosur,43,Male
c459,Hredhaan Chacko,Dharmavaram,34,Male
c460,Chavvi Brar,Eluru,46,Male
c461,Zayyan Balan,Jaipur,39,Male
c462,Champak Kaul,Bokaro,41,Female
c463,Nihal Sani,Thiruvananthapuram,53,Female
c464,Girik Tiwari,Avadi,46,Male
c465,Saumya Atwal,Uluberia,46,Female
c466,Sai Wason,Khandwa,44,Female
c467,Udant Mand,Bellary,49,Male
c468,Jagvi Solanki,Tadipatri,20,Male
c469,Xalak Dani,Tadipatri,22,Male
c470,William Bera,Vellore,55,Male
c471,Jackson Tara,Tirupati,23,Female
c472,Daniel Chanda,Nanded,45,Female
c473,Owen Dara,Jamshedpur,28,Female
c474,Faqid Mutti,Rajkot,36,Female
c475,Vanya Dasgupta,Rewa,44,Female
c476,Lila Maharaj,Nagaon,50,Female
c477,Nathan Gara,Deoghar,27,Male
c478,Atharv Dora,New Delhi,22,Female
c479,Samaksh Sethi,Shivpuri,19,Male
c480,Meera Mangal,Nagercoil,51,Female
c481,Inaya Chhabra,Varanasi,22,Female
c482,Wyatt Dhillon,Raipur,18,Male
c483,Kevin Kothari,Allahabad,39,Male
c484,Vinaya Char,Gurgaon,40,Male
c485,Charan Kumer,Kamarhati,43,Male
c486,Eesha Zachariah,Tiruvottiyur,49,Male
c487,Jeevika Arora,Imphal,20,Female
c488,Fariq Rai,Purnia,21,Male
c489,Hitesh Sibal,Purnia,50,Male
c490,Panini Ganguly,Hindupur,43,Female
c491,Imaran Bath,Thanjavur,30,Male
c492,Nirja Cherian,Uluberia,23,Female
c493,Xiti Pathak,Ambala,37,Male
c494,Harini Tak,Mehsana,47,Female
c495,Krishna Munshi,Nagpur,36,Male
c496,Jhalak Sahota,Anand,51,Female
c497,Ekantika Raghavan,Bardhaman,33,Male
c498,Sanya Jayaraman,Mathura,50,Female
c499,Naveen Dalal,Thoothukudi,48,Female
c500,Tarak Sur,Nellore,44,Female
c501,Aayush Yogi,Sikar,18,Male
c502,Ayush Karnik,Kollam,43,Male
c503,Vedika Dara,Sultan Pur Majra,19,Male
c504,Ekiya Khalsa,Mangalore,19,Male
c505,Jagvi Shere,Ahmedabad,23,Male
c506,Upasna Peri,Guna,36,Female
c507,Qarin Nori,South Dumdum,21,Male
c508,Bimala Vyas,Kishanganj,51,Male
c509,Samuel Kunda,Asansol,55,Male
c510,Upma Pillai,Hospet,46,Male
c511,Sanaya Bera,Munger,22,Male
c512,Darsh Setty,Agartala,38,Male
c513,Diya Prakash,Rajahmundry,19,Female
c514,Banjeet Memon,Raipur,53,Male
c515,Hredhaan Vora,Bhusawal,38,Male
c516,Jack Pathak,Satna,23,Female
c517,Advay Dutta,Thoothukudi,18,Male
c518,Chameli Chanda,Satna,50,Male
c519,Lakshmi Radhakrishnan,Shimla,49,Female
c520,Utkarsh Deol,Nellore,39,Male
c521,Sara Bahl,Karnal,29,Female
c522,Michael Karan,Jorhat,22,Female
c523,Frado Arora,Vijayawada,19,Female
c524,Samaksh Ganguly,Haldia,55,Male
c525,Jonathan Shroff,Ghaziabad,54,Female
c526,Dalaja Chawla,Vasai-Virar,26,Female
c527,Nicholas Kothari,Ramgarh,38,Male
c528,Abha Dutta,Ambala,45,Female
c529,Dev Shan,Munger,42,Female
c530,Reva Dugar,Kulti,35,Female
c531,Abeer Kala,Gaya,47,Female
c532,Noah Sane,Jalandhar,31,Female
c533,Varenya Viswanathan,Rajpur Sonarpur,37,Female
c534,Forum Parekh,Dewas,35,Male
c535,Qabil Saini,Narasaraopet,32,Female
c536,Lucky Vohra,Srinagar,34,Female
c537,Shivansh Ramesh,Giridih,53,Female
c538,Owen Dugal,Amritsar,29,Female
c539,Frederick Vasa,Bhubaneswar,45,Male
c540,Ridhi Sunder,Akola,26,Male
c541,Charan Chandra,Berhampur,21,Male
c542,Praneel Vora,Mehsana,41,Male
c543,Pavani Kata,Begusarai,40,Male
c544,Advaith Dutt,Medininagar,41,Male
c545,Christopher Kumer,Allahabad,40,Female
c546,Vinaya Anand,Tinsukia,40,Female
c547,Avi Misra,Tadepalligudem,39,Female
c548,Raagini Kothari,Ghaziabad,35,Female
c549,Kevin Vyas,Serampore,41,Male
c550,Vihaan Chakrabarti,South Dumdum,55,Female
c551,Pooja Pandit,Machilipatnam,49,Male
c552,Robert Dalal,Bhavnagar,44,Male
c553,Pahal Bera,Mango,33,Female
c554,Quincy Ravel,Nizamabad,34,Male
c555,Wahab Ray,Indore,38,Male
c556,Eiravati Balasubramanian,Jodhpur,42,Female
c557,Jatin Konda,Amravati,23,Female
c558,Omisha Hayer,Dibrugarh,41,Female
c559,Vedika Ranganathan,Raichur,41,Female
c560,Abeer Comar,Bhiwandi,51,Female
c561,Yasti Narain,Panvel,54,Male
c562,Amruta Khalsa,Kurnool,26,Female
c563,Vincent Viswanathan,Meerut,38,Male
c564,Chasmum Bakshi,Munger,36,Male
c565,Indira Singh,Dindigul,55,Female
c566,Aryan Wali,Chinsurah,54,Male
c567,Harish Sastry,Ratlam,48,Female
c568,Jeremiah Majumdar,Dhule,26,Female
c569,Ikbal Kanda,Ujjain,33,Male
c570,Yochana Suresh,Aurangabad,39,Male
c571,Wriddhish Radhakrishnan,Nagercoil,42,Male
c572,Gopal Kibe,Agartala,42,Female
c573,Ishaan Sundaram,Ajmer,27,Male
c574,Chaman Palan,Mahbubnagar,35,Female
c575,Jasmit Tandon,Vijayawada,24,Male
c576,Charvi Sandhu,Jhansi,26,Male
c577,Eta Devan,Silchar,19,Male
c578,Frado Karnik,Ajmer,47,Male
c579,Jhalak Basu,Kishanganj,25,Male
c580,Lajita Bhatti,Raiganj,35,Male
c581,Amara Palla,Miryalaguda,38,Female
c582,Wazir Vora,Kadapa,34,Male
c583,Harrison Chhabra,Tiruppur,28,Male
c584,Yachana Morar,Ambattur,37,Male
c585,Panini Vora,Solapur,39,Male
c586,Sathvik Master,Amravati,45,Female
c587,Omisha Gokhale,Bhusawal,39,Male
c588,Niharika Bhardwaj,Junagadh,33,Female
c589,Aryan Mani,Sri Ganganagar,54,Male
c590,Samarth Oommen,Jodhpur,55,Female
c591,Timothy Baria,Allahabad,42,Male
c592,Dev Agarwal,Chandigarh,37,Female
c593,Shravya Pandit,Amritsar,26,Male
c594,Anamika Kuruvilla,Gudivada,36,Male
c595,Qabil Vohra,Dehri,31,Male
c596,Indrajit Bahri,Raichur,20,Male
c597,Vihaan Ramakrishnan,Latur,37,Male
c598,Vihaan Pillai,Amroha,48,Male
c599,Benjamin Gola,Kollam,45,Male
c600,Siddharth Dara,Pondicherry,46,Female
c601,Wridesh Handa,Kishanganj,37,Male
c602,Anirudh Sant,Thrissur,33,Male
c603,Laban Mahal,Sangli-Miraj & Kupwad,23,Female
c604,Divya Maharaj,Rewa,24,Male
c605,Upkaar Korpal,Bhopal,43,Female
c606,Onkar Balasubramanian,Guntur,38,Male
c607,Kabir Nayak,Dewas,38,Female
c608,Warhi Upadhyay,Bokaro,18,Male
c609,Samarth Ray,Ambala,35,Female
c610,Garima Chada,Kharagpur,34,Female
c611,Dalaja Basak,Rajahmundry,32,Male
c612,Jeevika Naik,Secunderabad,31,Male
c613,Abhimanyu Kanda,Purnia,33,Female
c614,Tristan Mani,Chennai,19,Female
c615,Anita Nanda,Srinagar,37,Female
c616,Vincent Srinivas,Ramgarh,32,Male
c617,Rehaan Keer,Purnia,55,Female
c618,Manbir Dada,Kakinada,42,Male
c619,Ranveer Handa,Danapur,42,Male
c620,Madhav Luthra,Purnia,28,Female
c621,Krishna Dani,Mahbubnagar,28,Female
c622,Ansh Khosla,Kochi,34,Female
c623,Azad Sahota,Khammam,26,Male
c624,Lucky Nadig,Pune,20,Male
c625,Meghana Walia,Jaipur,20,Female
c626,Bachittar Lalla,Bhind,20,Female
c627,Vamakshi Natt,Kishanganj,32,Male
c628,Shivansh Khare,Ahmedabad,19,Female
c629,Dakshesh Babu,South Dumdum,49,Male
c630,Laksh Gade,Nizamabad,24,Female
c631,Ira Master,Ambattur,22,Female
c632,Nidra Choudhary,Unnao,28,Female
c633,Sarthak Ravel,Davanagere,42,Male
c634,Hardik Varty,Kota,45,Female
c635,Omaja Jain,Ichalkaranji,41,Male
c636,Rajeshri Pathak,Ghaziabad,33,Female
c637,Januja Rajagopal,Guwahati,22,Male
c638,Januja Sodhi,Bally,26,Female
c639,Jackson Chad,Naihati,37,Male
c640,Ekavir Chandra,Chennai,32,Female
c641,Gaurang Mahajan,Alwar,43,Male
c642,Leena Murty,Rewa,28,Female
c643,Aahana Naidu,Junagadh,47,Male
c644,Yahvi Mistry,Uluberia,39,Female
c645,Lavanya Bansal,Siwan,18,Male
c646,Urvashi Sachar,Madhyamgram,29,Female
c647,Januja Mohan,Navi Mumbai,49,Male
c648,Amrita Ben,Loni,53,Female
c649,Amol Apte,Katni,27,Female
c650,Anvi Trivedi,Chandigarh,53,Female
c651,Unnati Singhal,North Dumdum,50,Male
c652,Jackson Murthy,Tadipatri,50,Female
c653,Anjali Merchant,Bhagalpur,27,Male
c654,Avi Badami,Bally,42,Male
c655,Pallavi Ramachandran,Kurnool,24,Female
c656,Vidhi Bala,Raipur,55,Female
c657,Naveen Master,Surendranagar Dudhrej,52,Female
c658,Qabil Menon,Gopalpur,45,Female
c659,Dayamai Hari,Saharsa,48,Female
c660,Anjali Kata,Solapur,28,Male
c661,Chaitanya Lalla,Delhi,25,Male
c662,Mitesh Nayar,South Dumdum,39,Male
c663,Elijah Jhaveri,Jammu,19,Male
c664,Brinda Aggarwal,Thanjavur,27,Female
c665,Harish Lad,Kulti,26,Male
c666,Neelima Mangat,Navi Mumbai,35,Male
c667,Inaya Dara,Dhule,24,Female
c668,Vritti Sandhu,Tezpur,47,Male
c669,Zayyan Kashyap,Adoni,25,Male
c670,Harini Thaker,Coimbatore,37,Female
c671,Peter Kakar,Muzaffarnagar,48,Male
c672,Girish Brar,Sikar,27,Male
c673,Urishilla Seshadri,Bally,26,Female
c674,Tanveer Dube,Amroha,54,Female
c675,Oscar Trivedi,Rohtak,37,Female
c676,Mahika Thakkar,Karnal,26,Female
c677,Wridesh Narayanan,Kottayam,37,Female
c678,Ryan Hora,Ambala,26,Female
c679,Bahadurjit Raja,Gangtok,38,Male
c680,Bachittar Dyal,Arrah,53,Male
c681,Jonathan Prashad,Ichalkaranji,39,Female
c682,Diya Dhillon,Alappuzha,51,Male
c683,Ranveer Sachdeva,Pune,18,Male
c684,Ishita Mistry,Pali,21,Male
c685,Harini Edwin,Kolkata,25,Female
c686,Simon Sankaran,Meerut,37,Male
c687,Dakshesh Ramanathan,Siwan,24,Male
c688,Jalsa Talwar,Dehri,51,Female
c689,Samaksh Jaggi,Tadipatri,41,Male
c690,Jhalak Narayanan,Morena,44,Male
c691,Elijah Peri,Ramagundam,54,Female
c692,Faqid Mani,Panvel,40,Female
c693,Harshil Ghosh,Bhimavaram,19,Female
c694,Zilmil Nayar,Agartala,25,Male
c695,Jhalak Chakrabarti,South Dumdum,41,Male
c696,Chaman Krishnan,Aizawl,54,Male
c697,Laban Vig,Gaya,32,Female
c698,Ekta Walia,Shivpuri,31,Male
c699,Vihaan Chaudhary,Shivpuri,20,Male
c700,Harini Vig,Hindupur,43,Female
c701,Gagan Mohan,Rohtak,39,Female
c702,Arya Chaudhuri,Satna,29,Male
c703,Yashawini Bhat,Orai,45,Female
c704,Janani Hayre,Bongaigaon,37,Male
c705,Zaid Thakur,Jorhat,41,Female
c706,Maanas Batra,Maheshtala,39,Female
c707,Wridesh Goel,Raebareli,28,Male
c708,Tejas Kuruvilla,Nangloi Jat,32,Male
c709,Ishwar Ghosh,Jaipur,53,Male
c710,Wazir Kara,Gaya,35,Female
c711,Yagnesh Konda,Anand,18,Male
c712,Saumya Hayre,Indore,52,Male
c713,Aayush Singhal,Dhule,50,Female
c714,Vrishti Mohanty,Gorakhpur,35,Female
c715,Eiravati Deshpande,Sagar,39,Male
c716,Falguni Bakshi,Parbhani,19,Female
c717,Wridesh Walia,Allahabad,55,Female
c718,Aachal Sen,Fatehpur,43,Male
c719,Avi Kumer,Haldia,25,Female
c720,Yahvi Varughese,Jodhpur,20,Male
c721,Triya Chandran,Bhimavaram,54,Male
c722,Triveni Kamdar,Dehradun,28,Female
c723,Samuel Mani,Phusro,50,Male
c724,Shaurya Vora,Secunderabad,23,Female
c725,Idika Madan,Guntakal,31,Female
c726,Widisha Konda,South Dumdum,32,Male
c727,Varsha Varty,Berhampore,40,Female
c728,Lila Dhingra,Kakinada,24,Male
c729,Indali Mallick,Mirzapur,49,Male
c730,Kala Bhatt,Pallavaram,36,Female
c731,Vinaya Korpal,Gurgaon,54,Female
c732,Patrick Raghavan,Mau,32,Male
c733,Zinal Bora,Pondicherry,51,Female
c734,Jairaj Dutt,Sagar,31,Male
c735,Zayan Rajagopal,Durgapur,50,Male
c736,Gaurangi Varghese,Chennai,52,Male
c737,Devansh Gaba,Cuttack,52,Female
c738,Mitali Bhatnagar,Bahraich,22,Female
c739,Harita Comar,Bhatpara,49,Female
c740,Nihal Sha,Bikaner,50,Female
c741,Vivaan Nadkarni,Gwalior,41,Male
c742,Hritik Nayar,Barasat,40,Female
c743,Nathan Venkataraman,Kochi,32,Male
c744,Samarth Barad,Chennai,22,Male
c745,Zansi Sen,Dhanbad,19,Male
c746,Mohini Verma,Arrah,36,Female
c747,Ronith Raman,Mirzapur,53,Female
c748,Darika Bhargava,Gangtok,45,Male
c749,Wyatt Chahal,Adoni,34,Male
c750,Tanveer Dhar,Bhusawal,52,Male
c751,Jalsa Randhawa,Guna,38,Female
c752,Idika Roy,Secunderabad,48,Male
c753,Vaishnavi Taneja,Buxar,27,Female
c754,Manan Kala,Buxar,36,Male
c755,Mitesh Muni,Deoghar,40,Male
c756,Nathan Lala,Bidhannagar,28,Female
c757,Praneel Andra,Alwar,39,Female
c758,Anita Lalla,Pimpri-Chinchwad,32,Female
c759,Ronith Sem,Nagercoil,46,Female
c760,Aishani Atwal,Ahmednagar,47,Male
c761,Nihal Varma,Berhampur,20,Female
c762,Ekbal Bhatia,Chittoor,29,Female
c763,Siya Naik,Ujjain,24,Female
c764,Upkaar Parikh,Jalna,29,Male
c765,Xalak Lalla,Dehri,31,Male
c766,Hema Sen,Aligarh,37,Female
c767,Yagnesh Kade,Jaunpur,24,Male
c768,Yashica More,Thanjavur,32,Female
c769,Ekaja Thakur,Sasaram,34,Female
c770,Liam Dada,Kozhikode,26,Male
c771,Yasti Anand,Sri Ganganagar,44,Male
c772,Liam Gaba,Morbi,24,Female
c773,Abhiram Varty,Delhi,50,Female
c774,Faris Saraf,Mahbubnagar,53,Male
c775,Kalpit Sastry,Firozabad,35,Male
c776,Sudiksha Chad,Hindupur,47,Male
c777,Panini Dalal,Shimla,27,Female
c778,Aarnav Chaudhari,Udaipur,53,Female
c779,Idika Khatri,Barasat,55,Female
c780,Ekiya Shan,Shahjahanpur,47,Female
c781,Radhika Dani,Patiala,27,Male
c782,Prisha Nadig,Ranchi,53,Male
c783,Inaya Dalal,Durg,44,Female
c784,Hemangini Panchal,Muzaffarnagar,26,Male
c785,Anamika Tella,Gulbarga,35,Female
c786,Aachal Chaudry,Patiala,20,Male
c787,Pooja Sagar,Saharsa,26,Female
c788,Wriddhish Khare,Mangalore,37,Female
c789,Kamala Sem,Kota,25,Female
c790,Falguni Bir,Tirunelveli,18,Male
c791,Yagnesh Mani,Ramagundam,46,Female
c792,Wyatt Raja,Rourkela,41,Female
c793,Charles Dhar,Ratlam,34,Male
c794,Harini Jaggi,Khora ,45,Female
c795,Atharv Sant,Indore,40,Female
c796,Hredhaan Ram,Satna,23,Female
c797,Girindra Mallick,Deoghar,34,Male
c798,Nakul Rajan,Etawah,28,Male
c799,Leela Dubey,Mysore,26,Male
c800,Edhitha Taneja,Guwahati,32,Male
c801,Indali Reddy,Kalyan-Dombivli,36,Male
c802,Divya Krishnan,Serampore,30,Female
c803,Abhimanyu Natarajan,Muzaffarnagar,24,Male
c804,Omya Bali,Anantapuram,33,Female
c805,Lila Varma,Berhampore,40,Female
c806,Gaurav Joshi,Belgaum,46,Female
c807,Vyanjana Sule,Anantapur,30,Female
c808,Wakeeta Warrior,Jamnagar,38,Male
c809,Benjamin Kala,South Dumdum,41,Female
c810,Rajata Lall,Thane,50,Male
c811,Oeshi Mutti,Chandigarh,35,Female
c812,Pahal Tiwari,Tirupati,23,Male
c813,Anya Dugar,Deoghar,46,Female
c814,Waida Chopra,Gulbarga,44,Male
c815,Chasmum Dar,Madurai,30,Male
c816,Urishilla Chanda,Gurgaon,43,Female
c817,Kalpit Ahuja,Morena,43,Male
c818,Harinakshi Banik,Coimbatore,42,Male
c819,Sathvik Mohanty,Jalandhar,26,Male
c820,Liam Ram,Bhilai,52,Female
c821,Wishi Mukhopadhyay,Madhyamgram,44,Female
c822,Pallavi Chana,Pallavaram,53,Male
c823,Zehaan Nair,Surat,19,Male
c824,Rushil Kala,Nellore,29,Female
c825,Jairaj Dixit,Gopalpur,42,Female
c826,Lila Pandya,Tirupati,32,Male
c827,Deepa Batta,Cuttack,40,Male
c828,Osha Mittal,Chandrapur,19,Male
c829,Anika Badami,Bhilwara,51,Male
c830,Wazir Pandya,Sonipat,19,Male
c831,Wyatt Kala,Karawal Nagar,32,Male
c832,Yagnesh Manda,Solapur,26,Female
c833,Oliver Barman,Jhansi,18,Male
c834,Ishaan Rege,Narasaraopet,52,Female
c835,Azad Keer,Karawal Nagar,21,Male
c836,Harsh Tandon,Nagercoil,45,Male
c837,Faris Tailor,Tezpur,20,Male
c838,Vinaya Bava,Vijayanagaram,49,Male
c839,Shravya Behl,Tiruchirappalli,35,Male
c840,Nimrat Bedi,Bhind,38,Male
c841,Udant Kata,Bhalswa Jahangir Pur,32,Female
c842,Devansh More,Saharanpur,47,Male
c843,Nimrat Bath,Dhule,30,Male
c844,Lakshit Pillai,Kakinada,50,Male
c845,Ekanta Narayan,Kollam,38,Male
c846,Tamanna Saxena,Madurai,24,Female
c847,Zaid Dewan,Solapur,42,Female
c848,Lucky Rana,Phusro,22,Male
c849,Darpan Comar,Berhampore,48,Female
c850,Anusha Manda,Karawal Nagar,20,Male
c851,Rushil Dayal,Gudivada,51,Male
c852,Mason Rau,Nagercoil,38,Female
c853,Warhi Shah,Tenali,33,Male
c854,Ijaya Palan,Bareilly,27,Male
c855,Rachana Munshi,Jammu,25,Female
c856,Ryan Kamdar,Mehsana,51,Male
c857,Om Sura,Latur,30,Male
c858,Advik Kala,Kalyan-Dombivli,45,Female
c859,Raagini Tandon,Hajipur,32,Male
c860,Anthony Dugal,Berhampore,31,Female
c861,Ekiya Prabhu,Karimnagar,35,Male
c862,Saanvi Sood,Dehri,38,Female
c863,Sai Lata,Panchkula,38,Female
c864,Yadavi Dayal,Nanded,38,Male
c865,Krishna Kant,Ambarnath,42,Male
c866,Wyatt Singh,Srikakulam,19,Male
c867,Bhavini Chaudhuri,Durgapur,30,Male
c868,Neel Shah,Tumkur,31,Female
c869,Manbir Dhillon,Jaunpur,47,Male
c870,Lekha Malhotra,Gorakhpur,55,Female
c871,Abha Naidu,Mehsana,22,Female
c872,Wishi Bhavsar,Bhagalpur,50,Female
c873,Tanish Khatri,Bhopal,33,Female
c874,Dalaja Dugal,Kirari Suleman Nagar,20,Female
c875,Faqid Aggarwal,Satara,38,Male
c876,Yamini Chadha,Shimoga,19,Male
c877,Geetika Sha,Sirsa,40,Male
c878,Balveer Karpe,Hindupur,32,Male
c879,Pranit Bassi,Nandyal,31,Male
c880,Onveer Jani,Berhampore,21,Female
c881,Rohan Gokhale,Avadi,25,Female
c882,Umang Modi,Gwalior,35,Male
c883,Ojasvi Kapur,Satna,24,Female
c884,Onveer Nair,Udupi,47,Female
c885,Triya Shetty,Katni,30,Female
c886,Bhavya Chaudhuri,Ramagundam,38,Male
c887,Libni Ray,Bidhannagar,19,Male
c888,Darsh Bhasin,Bhiwandi,38,Male
c889,Daniel Ranganathan,Hazaribagh,24,Female
c890,Daksha Patel,Ramagundam,22,Female
c891,Chameli Koshy,Danapur,52,Female
c892,Indira Chandra,Shimoga,37,Female
c893,Chavvi Biswas,Ambattur,22,Female
c894,Hamsini Grewal,Jorhat,46,Female
c895,Theodore Shetty,Pimpri-Chinchwad,35,Male
c896,Ojasvi Warrior,Tiruppur,29,Female
c897,Daksha Parmer,Guwahati,52,Male
c898,Urvashi Virk,Allahabad,55,Male
c899,Yoshita Bhargava,Mumbai,55,Male
c900,Ati Kaur,Tinsukia,53,Female
c901,Hritik Sunder,Dhule,47,Male
c902,David Chaudry,Jamshedpur,26,Male
c903,Laban Basak,Tadipatri,24,Female
c904,Damini Kulkarni,Vijayanagaram,19,Female
c905,Hredhaan Dugal,Tiruvottiyur,37,Female
c906,George Sha,Secunderabad,52,Male
c907,Rachita Ramaswamy,Jaipur,18,Female
c908,Dipta Chaudry,Jammu,48,Male
c909,Nicholas Batta,Nangloi Jat,25,Female
c910,Chanakya Sandal,Kavali,23,Male
c911,Urvashi Tak,Delhi,23,Female
c912,Eshana Gaba,Anantapur,30,Male
c913,Avi Goda,Khandwa,50,Male
c914,Forum Desai,Davanagere,45,Male
c915,Hemangini Mandal,Srinagar,49,Female
c916,Geetika Mital,Dehri,42,Female
c917,Onkar Bahri,Tenali,44,Female
c918,Advika Raval,Mysore,23,Female
c919,Turvi Char,Guwahati,32,Male
c920,Onveer Chandran,Bidar,29,Male
c921,Prisha Pingle,Madhyamgram,28,Male
c922,Vihaan Dalal,Vijayawada,38,Female
c923,Jacob Chahal,Mumbai,48,Male
c924,Radhika Dyal,Aurangabad,30,Female
c925,Yash Lal,Avadi,22,Male
c926,Bhavna Kari,Begusarai,37,Female
c927,Naveen Ahuja,Ghaziabad,40,Male
c928,Charan Ramaswamy,Bokaro,28,Female
c929,Warhi Krishnamurthy,Satna,35,Female
c930,Simon Nigam,Sagar,45,Male
c931,Bhavya Divan,Chennai,32,Male
c932,Zinal Modi,Pimpri-Chinchwad,45,Male
c933,Vedhika Sani,Bhopal,22,Male
c934,Gayathri Kade,Thanjavur,40,Male
c935,Vamakshi Palan,Gangtok,48,Female
c936,Nicholas Varty,Tenali,47,Female
c937,Ucchal Chowdhury,Navi Mumbai,35,Female
c938,Praneel Gola,Purnia,55,Male
c939,Oeshi Sengupta,Sirsa,18,Male
c940,Rudra Murthy,Khora ,22,Female
c941,Aarna Saran,Bidar,22,Female
c942,Odika Goel,Gaya,45,Male
c943,Warda Kumar,Narasaraopet,18,Male
c944,Pahal Kapadia,Bilaspur,37,Male
c945,Frado Dara,Tinsukia,44,Male
c946,Lakshmi Gopal,Uluberia,46,Female
c947,Vaishnavi Kapadia,Panchkula,31,Female
c948,Christopher Rau,Ghaziabad,50,Male
c949,Adya Golla,Rajkot,33,Female
c950,Urmi Bhakta,Bardhaman,26,Male
c951,Gaurangi Srinivas,Tiruvottiyur,52,Male
c952,Nikita Bhargava,Maheshtala,37,Male
c953,Devansh Bal,Bijapur,45,Male
c954,Nandini Lata,Warangal,18,Male
c955,Sathvik Shroff,Morena,43,Male
c956,Xavier Bajwa,Ichalkaranji,47,Female
c957,Zehaan Rajagopalan,Kottayam,19,Female
c958,Naksh Bail,Tinsukia,51,Female
c959,Aarnav Gade,Narasaraopet,27,Male
c960,Lopa Patla,Kurnool,26,Male
c961,Nihal Suri,Panchkula,28,Female
c962,Jasmit Bakshi,Tiruvottiyur,45,Male
c963,Tejas Chaudhuri,Ulhasnagar,35,Male
c964,Jeremiah Sunder,Machilipatnam,29,Female
c965,Libni Karan,Baranagar,42,Male
c966,Sai Soni,Bangalore,40,Male
c967,Akshay Verma,Mysore,33,Female
c968,William Oommen,Etawah,32,Male
c969,Abhiram Krishnamurthy,Ambarnath,46,Male
c970,Advay Doctor,Agartala,43,Male
c971,Yash Bhargava,Aizawl,38,Female
c972,Lekha Shroff,Asansol,41,Female
c973,Luke Char,Kozhikode,26,Male
c974,Atharv Jayaraman,Patna,31,Male
c975,Urvashi Korpal,Karimnagar,28,Male
c976,Harish Vaidya,Panvel,42,Male
c977,Eta Mandal,Ballia,21,Female
c978,Kashvi Lal,Darbhanga,42,Male
c979,Zansi Konda,Vijayanagaram,43,Female
c980,Ishita Manne,Hyderabad,46,Male
c981,Sai Soni,Bettiah,18,Male
c982,Dev Rai,Yamunanagar,34,Male
c983,Lavanya Rama,Dhule,44,Female
c984,Nitara Nayar,Tirunelveli,38,Male
c985,Geetika Yohannan,Tiruvottiyur,23,Male
c986,Ekaraj Suresh,Pondicherry,43,Male
c987,Devika Oak,Rewa,28,Male
c988,Gabriel Maharaj,Bettiah,39,Female
c989,Frederick Bobal,Chittoor,32,Male
c990,Chaitanya Gupta,Hajipur,22,Male
c991,Isaac Tiwari,Pune,24,Male
c992,Chameli Varma,Bhusawal,37,Female
c993,Manan Dani,Amroha,38,Male
c994,Wakeeta Sidhu,Howrah,41,Female
c995,Eshana Chadha,Bidar,54,Male
c996,Aarini Kalita,Singrauli,40,Female
c997,Meghana De,Ajmer,31,Female
c998,Kala Kannan,Baranagar,54,Female
c999,Nandini Balasubramanian,Bhopal,33,Female
